estimate,se,z,p,N,delta_PSE,n_per_group,sim,ES
-1.0848464811710001,0.4620697992168557,-2.347797850042709,0.018884767472698162,50,3.77197689309836,25,1,0.5
-0.6128021756367181,0.4955017902236959,-1.23673049770429,0.21618715240685546,50,2.662462354033483,25,2,0.5
-1.4632614059187095,0.5956240126383573,-2.4566863908610617,0.014022503864299608,50,3.415454696606618,25,3,0.5
-1.3525211091665406,0.44354836092487265,-3.049320498775618,0.0022935965064797953,50,3.7322955304112675,25,4,0.5
-1.0323434955646986,0.5506077606697433,-1.874916354809431,0.060804231715227405,50,4.168389424038047,25,5,0.5
0.035193300293403326,0.4428514405998831,0.07946976585586074,0.9366589788876443,50,4.739215485728025,25,6,0.5
-1.6434256541756764,0.4546111762752294,-3.6150137522811767,3.0033167849527367e-4,50,4.860300955815221,25,7,0.5
-0.42968171186731596,0.5062669094434971,-0.8487256501508943,0.3960339699101079,50,2.345294193015121,25,8,0.5
-0.23429368329565883,0.4889375065342154,-0.47918942638789597,0.631803875681344,50,2.5479147971747764,25,9,0.5
-0.8972909581674915,0.4815171106671238,-1.8634664029370185,0.06239667515536726,50,3.4114341752522037,25,10,0.5
-1.095574413852773,0.47716556280461,-2.2960047816807547,0.021675607974136504,50,3.0414584037938557,25,11,0.5
-0.4378692379385925,0.5321836516304143,-0.8227784461193477,0.4106339958470424,50,2.742284269402756,25,12,0.5
-0.6888283567984574,0.47947600492228987,-1.4366273801545042,0.15082389940631255,50,4.653359614941865,25,13,0.5
-1.0721632557763616,0.584565801882762,-1.834119020173866,0.06663632863434572,50,3.2644538105696075,25,14,0.5
-0.32718725787313524,0.4344068339337548,-0.753181654418977,0.4513407619736876,50,3.9470206658909444,25,15,0.5
-1.1358989540588618,0.42633182810529036,-2.6643540997326873,0.007713631904411971,50,3.8496762016912722,25,16,0.5
-0.9762597203913017,0.42259917103885425,-2.310131650261906,0.020880866660952156,50,3.747620817031059,25,17,0.5
-1.3869475059877312,0.47673144775716714,-2.9092846979421445,0.003622568070440175,50,2.6795532468894567,25,18,0.5
-1.4117193067799634,0.5090304529204976,-2.7733494109839656,0.005548251250415606,50,5.4629092058346185,25,19,0.5
-1.4001212189828571,0.4550537289107593,-3.0768261636582155,0.002092172734478319,50,4.521729208764587,25,20,0.5
-2.0547161835262377,9.707635517463476e-4,-2116.5979911688296,0,50,2.0847830399102687,25,21,0.5
-1.1309354112357366,0.5275111297013811,-2.1439081519966185,0.032040246889674225,50,3.3169417208007363,25,22,0.5
-0.5796077765868238,0.4640769873874172,-1.248947464190807,0.21168428970992872,50,3.9359365406965576,25,23,0.5
-0.6737520898340092,0.4486216518854682,-1.50182695597139,0.13314180476845008,50,3.6527280234726867,25,24,0.5
-0.3077413899948087,0.39993220322262085,-0.7694838963080589,0.44160610080733204,50,1.9610221070642364,25,25,0.5
-1.9294531210385437,8.743968812903728e-4,-2206.6102502460826,0,50,4.7651168334853935,25,26,0.5
-1.0085711574891447,0.42495253546956646,-2.3733736671901204,0.017626421724049247,50,4.390132121638979,25,27,0.5
-0.3930447102161252,9.401263635851173e-4,-418.07646869647607,0,50,3.3078943984426505,25,28,0.5
-0.8258146687775536,0.4332903809827692,-1.9059150745614961,0.056661224920872784,50,2.662290853009159,25,29,0.5
-0.684577572973159,0.4502240198036778,-1.5205265442560618,0.12837869260184723,50,2.7768465357980894,25,30,0.5
-0.6781470294220882,0.5144252615315043,-1.3182615243333211,0.18741611615778564,50,4.028578201121231,25,31,0.5
-1.5804249170076456,0.4583464477408225,-3.448101157536004,5.645425602511562e-4,50,6.108468763686487,25,32,0.5
-0.9324831260217662,0.4705274907790745,-1.9817824554263768,0.04750359391525654,50,4.167367150320789,25,33,0.5
-1.0838911223931995,0.42093264051915724,-2.5749752289496546,0.010024726584113835,50,2.847002909758819,25,34,0.5
-0.17610249016499954,0.45809640493309867,-0.38442233614716514,0.7006654481575982,50,2.8072724028708027,25,35,0.5
-1.6078852898659817,0.5860189695882461,-2.743742734122973,0.006074312154937345,50,4.0371704583297685,25,36,0.5
-1.8132653812477677,0.4514657596844248,-4.0163962434609495,5.909486362190717e-5,50,4.943334447012441,25,37,0.5
-0.6293112370280345,0.46732654908243254,-1.3466199133424992,0.1781026773690436,50,2.8830966871785346,25,38,0.5
-0.3839765315173378,0.45732619995579443,-0.8396119259173284,0.40112601031870415,50,3.786234192868598,25,39,0.5
-1.6315926111541905,0.5044625665288922,-3.234318499350425,0.0012193339419912055,50,3.7228765213924646,25,40,0.5
-0.8483546741398192,0.4776187113512303,-1.776217417738389,0.07569708848541659,50,3.1634592895823204,25,41,0.5
-1.340118253941918,0.5110581663000687,-2.62224212880509,0.00873533460147085,50,2.7603081862265704,25,42,0.5
0.4934434414201784,0.5029138425933708,0.9811689391479931,0.32650943860948034,50,3.8971135884706136,25,43,0.5
-0.4809161960670189,0.4259853435143659,-1.128950099783892,0.25891888454253836,50,2.3562764606626008,25,44,0.5
-0.32050418910766476,0.45316287003462535,-0.7072604802842202,0.4794046198151425,50,5.008908460625907,25,45,0.5
-1.6346971544628994,0.40717795029603043,-4.014699600689148,5.9521554546236366e-5,50,4.9943181152154175,25,46,0.5
-0.6418938667693254,0.4306093020092747,-1.4906641908899123,0.13604968206680076,50,4.194293884360693,25,47,0.5
-0.8572604401581687,0.4310727620871445,-1.9886676114898376,0.04673790320320123,50,3.313802768036531,25,48,0.5
-0.7477753900887099,0.5859836125900177,-1.2761029046248933,0.2019191449732521,50,2.9210451319888477,25,49,0.5
-0.9859977021542896,0.5012633732625049,-1.967025230143707,0.04918030215643995,50,2.067070405047202,25,50,0.5
-0.6263699047988125,0.36985648346672173,-1.6935485324679211,0.09035110514028118,50,4.81627357652118,25,51,0.5
-0.6850648509717314,0.4340850573050921,-1.5781811408685298,0.11452400154253171,50,2.5657309475562933,25,52,0.5
-0.5583815020256079,0.48700142148357045,-1.146570579454552,0.25155914160584847,50,2.167073406737174,25,53,0.5
-0.9723793540231958,0.41373096767852136,-2.3502696921124775,0.018759813069339767,50,3.309298886026191,25,54,0.5
-0.7461708507594399,0.4735571233865469,-1.5756723189450763,0.11510133998516703,50,3.1948402369658275,25,55,0.5
-0.8808088142134128,0.46243373033807267,-1.904724410067314,0.056815904225508855,50,2.7135675242592683,25,56,0.5
-0.6346829075049232,0.39295650430899887,-1.6151479885057312,0.10627865083038755,50,3.798444346256673,25,57,0.5
-1.513841807808387,0.444610041895707,-3.4048754305092634,6.619424172736452e-4,50,3.848116567747619,25,58,0.5
-0.8459796245061022,0.46965483247191153,-1.801279505745738,0.07165883639374533,50,1.226043141428244,25,59,0.5
-1.1893192403746318,0.590288686228633,-2.014809479024946,0.04392461546593886,50,3.6302021031773464,25,60,0.5
-1.3773361545454477,0.4984451007098687,-2.7632655082453255,0.005722619497819537,50,4.361882169009103,25,61,0.5
-1.1532466707654674,0.6242180662392783,-1.8475060770243699,0.06467382818982385,50,1.9111209570824297,25,62,0.5
-1.095003301584332,0.5147278692950659,-2.1273441111396774,0.033391502172942095,50,3.982318544331685,25,63,0.5
-0.06485434394401098,0.5615253931557801,-0.11549672505374817,0.9080514161356961,50,3.796053544207661,25,64,0.5
-0.895261663562738,0.4993230718776865,-1.792950724660366,0.07298080347481857,50,2.25938466013962,25,65,0.5
-1.300546976501553,0.5480182457838794,-2.3731818903972157,0.017635576879021574,50,2.6769374441158753,25,66,0.5
-0.44227275352698997,0.49801702321748215,-0.8880675416869257,0.3745044210280398,50,3.3864870664295506,25,67,0.5
-1.12101637769671,0.4297063710468877,-2.6087962693352513,0.009086131983393236,50,3.365639732074003,25,68,0.5
-0.47754266348291274,0.4443331682988436,-1.0747400769364432,0.28249111540947225,50,2.637522005686087,25,69,0.5
-0.880151960037358,0.45620053296348234,-1.9293093638446315,0.05369246797279713,50,3.416752781673134,25,70,0.5
-0.4284304527829357,0.5187109906795421,-0.8259521399800426,0.40883124164100804,50,2.8907398041993027,25,71,0.5
-0.9503434028995217,0.4555870943234869,-2.0859752498272837,0.036980865063294996,50,4.0588069589840465,25,72,0.5
-1.2093546231694319,0.3820456650182083,-3.1654713923054043,0.0015483188631825614,50,2.1850975780309447,25,73,0.5
-0.9607382862313526,0.4486568630632833,-2.1413654071214774,0.03224458231108646,50,4.075503138264041,25,74,0.5
-1.2719044172027885,0.4669633278412591,-2.7237779529341615,0.0064539882111981995,50,2.694858254101094,25,75,0.5
-0.5900746681895063,0.4828343098794731,-1.2221059193925197,0.22166757491944072,50,1.5698305114709203,25,76,0.5
-1.6869269100180087,0.5089837621388809,-3.314303982761861,9.187156941655726e-4,50,3.3765812692052783,25,77,0.5
-1.3640723778450057,0.4717645551271135,-2.891426163793646,0.0038349769520002797,50,3.637509099921461,25,78,0.5
-1.4093590309485937,0.5091044107710074,-2.7683103919964194,0.005634776237248475,50,2.869614079239973,25,79,0.5
-2.4704227542445034,0.38082583654434166,-6.487014580369361,8.755386883404712e-11,50,3.9327435059532956,25,80,0.5
-1.9531406343221018,0.48716346689903395,-4.00920998192768,6.0922225071325005e-5,50,4.058268436611044,25,81,0.5
-1.3407504633317304,0.5488013336340768,-2.443052487597816,0.01456361901753765,50,3.681418950022829,25,82,0.5
-0.8551415725760909,0.3938103325443567,-2.1714553984684297,0.02989676515133516,50,2.7958612124006255,25,83,0.5
-0.3435333204625356,0.3970398753682158,-0.865236319510583,0.38690909467675527,50,3.9328813863487095,25,84,0.5
-1.1525997284642873,0.549128006793033,-2.0989636554791558,0.035820104700217494,50,2.7976067579331936,25,85,0.5
-1.0606375531081964,0.5029186486101862,-2.108964453871942,0.03494764997342541,50,3.9633811167235127,25,86,0.5
-0.5852360727783483,0.42220703297319206,-1.3861353011035886,0.16570559287158498,50,4.35990307195363,25,87,0.5
-1.4651246439310788,0.4682084688482595,-3.129214316723321,0.0017527441734916014,50,3.2854219651099186,25,88,0.5
-0.729623671017448,0.6114070634979347,-1.193351720281381,0.23273165471568236,50,3.089280668514686,25,89,0.5
-1.4788755010389734,0.5194615641652235,-2.846939221413872,0.004414178914457052,50,4.733683421856778,25,90,0.5
-0.908683999207516,0.41904523510910474,-2.168462788918066,0.03012349287496887,50,1.324550039475005,25,91,0.5
-1.8248064840924658,0.5020253764395146,-3.634888931381188,2.781004210660214e-4,50,4.450631282792781,25,92,0.5
-1.438021240793288,0.43908326827598965,-3.2750536052979524,0.0010564192568340684,50,3.915091677963467,25,93,0.5
-1.2621282643909355,0.5591234269029832,-2.2573338974221424,0.023987218778531848,50,4.142535447343045,25,94,0.5
-0.2818229581726992,0.46904524259209973,-0.6008438687390836,0.5479439822683285,50,2.0930480670547045,25,95,0.5
-1.0525445148650308,0.42594307835828527,-2.4710919565164877,0.01347011764390204,50,3.696401623818163,25,96,0.5
-0.9091455542708726,0.5079831666506893,-1.7897159078423548,0.07349959372838359,50,3.5271777670907642,25,97,0.5
-1.4164006198488222,0.49833253824891927,-2.842280026156598,0.004479212974068099,50,2.8326218549195463,25,98,0.5
-1.2191556744547805,0.577010977570757,-2.112881248095976,0.03461093324335128,50,3.3323898103863012,25,99,0.5
-1.1139429510485663,0.44508082967084356,-2.5027879809435403,0.012321933463627666,50,3.2942891641434695,25,100,0.5
-1.1308871713412183,0.35115697629993115,-3.220460499623684,0.001279848286902002,100,3.857391890788085,50,1,0.5
-0.6735017929801622,0.31550566192040025,-2.134674188985178,0.03278763274762845,100,3.2792479072125023,50,2,0.5
-1.2607474128036036,0.373259637082985,-3.377668752657839,7.310308285328143e-4,100,3.5221981942216143,50,3,0.5
-0.508134548971747,0.3796302612755087,-1.3384985360874038,0.1807339772337607,100,3.2449712125894568,50,4,0.5
-1.3241408480421395,0.31406431493332293,-4.216145499762556,2.4851345225759356e-5,100,2.8856953046369167,50,5,0.5
-1.477549635731414,0.3043149272122536,-4.855330789280844,1.2018594533098187e-6,100,3.695452277368217,50,6,0.5
-0.92999590940186,0.3299313402107251,-2.8187558926893015,0.004821016635896452,100,3.8583669557900517,50,7,0.5
-0.725982871563427,0.27863357645834613,-2.605511083018943,0.009173730560548687,100,2.0506890450206665,50,8,0.5
-0.42668041335953333,0.361783983114243,-1.1793789478645813,0.23824731415565703,100,1.9998194570986918,50,9,0.5
-0.8920383349848037,0.3459199013368539,-2.5787424532020324,0.009916068623129236,100,2.724046717997865,50,10,0.5
-0.8269940489902119,0.3487903195073586,-2.37103498215857,0.017738352109656005,100,2.755021595752684,50,11,0.5
-1.3155152029355937,0.3106382585453081,-4.234878244218973,2.2867557327440013e-5,100,3.4319938655418714,50,12,0.5
-0.6149444811223193,0.31765935237554227,-1.9358614078999994,0.052884677465378,100,3.717973236673096,50,13,0.5
-0.8357624634943235,0.3892588721371493,-2.147060795058399,0.03178844194123679,100,3.043210697880486,50,14,0.5
-0.9426343590111896,0.35273042086064144,-2.6723931457661556,0.007531235578426564,100,2.698577872546384,50,15,0.5
-0.9010678142647355,0.3728925629667362,-2.416427421066896,0.01567365061096678,100,2.8058973431523455,50,16,0.5
-1.4351540669206528,0.31991477724918094,-4.486051189197848,7.255531677122155e-6,100,3.922783813218734,50,17,0.5
-0.5048972312406952,0.3150777875307696,-1.6024526362125364,0.10905555321362012,100,3.0595948213171447,50,18,0.5
-1.3349045858814321,0.3581927300327205,-3.7267774411822656,1.939435683622831e-4,100,4.057139995360256,50,19,0.5
-1.2199047343950165,0.42100355131540734,-2.8976115060870082,0.0037601604562673327,100,2.746617494471028,50,20,0.5
-0.24499943615461972,0.3094675334063894,-0.7916805794063352,0.42854694895251066,100,1.3204892396295804,50,21,0.5
-1.0056347415289997,0.40027808706485085,-2.5123402305209686,0.01199333982627155,100,3.317304322823949,50,22,0.5
-1.1418325919133268,0.35632889527777384,-3.204434462221254,0.0013532809609130172,100,3.1842365795946215,50,23,0.5
-0.8878681242703703,0.32326022251819125,-2.7466049406075816,0.006021561864188781,100,3.4250921101451475,50,24,0.5
-1.1069335455115699,0.3687133794220737,-3.0021518265667284,0.002680784370472214,100,3.737614412885341,50,25,0.5
-1.211717208775898,0.3305260886646394,-3.6660259214979507,2.4634896563716845e-4,100,2.660315177832466,50,26,0.5
-0.9278327245649916,0.3132442530029292,-2.9620103662566324,0.0030563749367577557,100,3.568629363133301,50,27,0.5
-0.6025817378745524,0.33926574793656206,-1.7761349076336075,0.0757106838451107,100,2.6988633667290056,50,28,0.5
-1.110426540270975,0.28816988633672985,-3.853374668626647,1.1650090991398369e-4,100,3.3925410491776784,50,29,0.5
-1.4896041096365442,0.3545738864551747,-4.201110590880641,2.656087966196413e-5,100,4.0318337434833005,50,30,0.5
-1.8481105530644686,0.30185821719964046,-6.122445730348234,9.214980765015182e-10,100,2.623196738153652,50,31,0.5
-1.18914199020622,0.35079378286648866,-3.38986050576274,6.992819672627038e-4,100,3.3466689483866396,50,32,0.5
-0.7896730177168944,0.32604459301217215,-2.4219785717698246,0.015436260736845805,100,2.984944927552032,50,33,0.5
-1.3306390570217483,0.3542706511374412,-3.7559957415312955,1.7265362878067826e-4,100,3.0904708105065932,50,34,0.5
-1.0811499173800234,0.32806870583814746,-3.295498467669782,9.824723929263768e-4,100,3.7875513286634757,50,35,0.5
-1.318274910314691,0.3915500026103003,-3.3668111391298754,7.604274657633772e-4,100,3.8465952366752543,50,36,0.5
-0.10552906834321654,0.3414027483270552,-0.30910433164446105,0.757242164259433,100,4.5930190687001495,50,37,0.5
-0.670381212488382,0.32388101592575513,-2.069837932835362,0.03846752382448651,100,3.1958203194361587,50,38,0.5
-0.8535233918050935,0.3492699441108488,-2.443735586747792,0.014536075655865727,100,3.175674807285768,50,39,0.5
-0.252486936536228,0.37510345025777203,-0.673112807580731,0.5008755264360927,100,2.7542407158688196,50,40,0.5
-0.13931355197439088,0.33561908089210507,-0.4150942538907001,0.6780729057325188,100,1.9437745223585754,50,41,0.5
-1.1010331427230065,0.33618411052218355,-3.275089774507214,0.0010562840068467625,100,3.1959955131130435,50,42,0.5
-1.0416475952506365,0.36967379094487546,-2.8177480274926054,0.0048361746078053654,100,3.1166265391482177,50,43,0.5
-1.2181903164359722,0.38926473288383534,-3.1294648950371404,0.001751249964465085,100,2.9935543526691895,50,44,0.5
-0.21405177015273447,0.3340201878688396,-0.6408348295306828,0.5216300012595503,100,2.93792959889935,50,45,0.5
-0.8294904658323655,0.38450799804129565,-2.1572775340378727,0.03098404639824169,100,3.178748817778226,50,46,0.5
-1.0731497696803376,0.30116246969943883,-3.563358245638458,3.6614045335164517e-4,100,2.815213896224959,50,47,0.5
-0.9561478202961854,0.33764146000838485,-2.831843637545107,0.004628047422080644,100,3.280271651261071,50,48,0.5
-0.4807307382821062,0.328055818070487,-1.4653931184930702,0.14281369384583487,100,2.7908431509143465,50,49,0.5
-0.6443607146109374,0.3100944578493082,-2.0779497933628575,0.0377139836358551,100,4.667605708439318,50,50,0.5
-1.3145023010088166,0.3131705792339664,-4.197400356777339,2.6999638735078467e-5,100,2.9414113727765763,50,51,0.5
-1.7390604752513315,0.37089993869472676,-4.688759133720656,2.7486668855490435e-6,100,3.7750056273971158,50,52,0.5
-0.7074794562415193,0.3399940722021803,-2.0808582092596333,0.03744688629482046,100,3.291951898493588,50,53,0.5
-1.3274638721678917,0.3686730555582369,-3.6006533489621972,3.1741854897101435e-4,100,3.043337647957191,50,54,0.5
-1.769082824061862,0.3745820757120426,-4.722817611331281,2.325994332461199e-6,100,3.863025702862867,50,55,0.5
-1.1580814734866962,0.3497595983412654,-3.311078463547238,9.293714544115423e-4,100,4.732796031111473,50,56,0.5
-1.4097166064083726,0.29539174763260684,-4.772362862897937,1.8207708167462752e-6,100,3.2276066773358334,50,57,0.5
-0.8199736245283658,0.3600129595784466,-2.2776225208350978,0.0227490775235604,100,2.571958924705232,50,58,0.5
-0.8319348658984905,0.32388777186909445,-2.5685899195809503,0.010211321604082212,100,4.158509350093931,50,59,0.5
-1.4999316467214063,0.3708861058491561,-4.044183977416093,5.2505677790209184e-5,100,3.3146220785274014,50,60,0.5
-0.48976185792336174,0.3027499672021028,-1.6177106886238501,0.10572496141877104,100,2.86778430442625,50,61,0.5
-1.2166510795907879,0.3034568737107542,-4.009304731552934,6.089778730967632e-5,100,3.550490862619329,50,62,0.5
-1.0785689977369446,0.33381510862935115,-3.231037091657001,0.0012334193279991902,100,3.2075050960744083,50,63,0.5
-0.4583902900575031,0.32852372166674565,-1.3953034737701349,0.16292434499085048,100,3.326512934200167,50,64,0.5
-1.4293521850778361,0.34815411369457877,-4.105515715180513,4.0341385553407416e-5,100,3.0457242442961086,50,65,0.5
-0.5972123697684955,0.31832829894157083,-1.8760894703807462,0.06064299532116507,100,2.249261340359375,50,66,0.5
-0.3295917587103835,0.32805107813862067,-1.0046964655031916,0.31504303061936667,100,3.937741814263502,50,67,0.5
-0.7893132950478852,0.34322360532058027,-2.299705739384227,0.02146489674900447,100,3.7113819291496206,50,68,0.5
-0.8977381627915384,0.369062575574709,-2.4324822461165803,0.0149957266535024,100,3.390111152091345,50,69,0.5
-0.6245662128886718,0.3963529441027063,-1.57578295350527,0.11507583223393765,100,3.4858836989437627,50,70,0.5
-0.36696790772144994,0.30039369846246405,-1.2216231885014217,0.2218501554785018,100,2.2905812112300534,50,71,0.5
-0.9297165148915056,0.32269414674333446,-2.8811074643724064,0.0039628050163554,100,3.0768523859071095,50,72,0.5
-0.5689818047591063,0.3348416762809782,-1.6992562308213162,0.08927091559786722,100,2.7783981937839375,50,73,0.5
-1.5043382557849507,0.3618579801875966,-4.157261517363975,3.220852175246688e-5,100,3.4844744135950023,50,74,0.5
-0.9697987266612462,0.3171321363962921,-3.0580272869267784,0.00222799287393635,100,3.169782155994712,50,75,0.5
-1.7834376285525106,0.3343963156454276,-5.3333052581941525,9.644098362815135e-8,100,2.555326454224728,50,76,0.5
-0.2995569597332307,0.35856288498486666,-0.8354377217426552,0.40347129838853046,100,3.139670731308474,50,77,0.5
-0.9017209420303641,0.31866860358790944,-2.82965102893047,0.004659880059011372,100,3.5482141450765656,50,78,0.5
-0.9239291508900811,0.3411539495008708,-2.708246972493932,0.006763966708691414,100,3.996887632579952,50,79,0.5
-0.3360056606307541,0.3883945201535369,-0.8651143185489,0.3869760465069311,100,2.8862716452833084,50,80,0.5
-1.0446367747956322,0.332225241761211,-3.144363050976336,0.0016644879863625158,100,4.27963429513739,50,81,0.5
-1.414013541650273,0.36691546238487066,-3.853785644408368,1.1630542986950033e-4,100,3.959255379596561,50,82,0.5
-1.2313738444078814,0.4100507377221761,-3.0029792197134904,0.0026735068589001897,100,3.690943390586707,50,83,0.5
-0.2874820881908669,0.3282547846983313,-0.8757894830232716,0.38114448848168486,100,2.4510042270997765,50,84,0.5
-0.38414681599601497,0.3174482508659208,-1.2101084663347705,0.22623727488361756,100,2.7356858735940985,50,85,0.5
-1.1412411623362966,0.35647617611390087,-3.201451425947883,0.0013673712701537661,100,2.32098361563585,50,86,0.5
-1.107172197470963,0.31101908653619875,-3.559820748628242,3.7110801727530335e-4,100,3.285849461023785,50,87,0.5
-0.43439176101598403,0.3267381897802449,-1.3294796096781463,0.18368978854816898,100,3.467629723420977,50,88,0.5
0.012746758907135478,0.30824234943192963,0.04135304227542684,0.9670144475838771,100,3.1062189460343745,50,89,0.5
-0.8963742931769111,0.3165942509164594,-2.831303128790674,0.0046358762722865975,100,3.021510544917991,50,90,0.5
-1.510897571426237,0.3177527792616084,-4.75494683299781,1.984986486892518e-6,100,3.026866284463818,50,91,0.5
-1.223948326757996,0.3309426459763911,-3.6983699188931682,2.1698850356533764e-4,100,2.2946523371022423,50,92,0.5
-1.2146473539506757,0.35857325527549677,-3.3874454831201657,7.054673604710997e-4,100,3.9898793245906727,50,93,0.5
-0.2578526810557958,0.3361202091035372,-0.7671442361157399,0.44299576343476843,100,2.947518673515214,50,94,0.5
-0.7944086950400766,0.35858458091651374,-2.2154011558713176,0.026732542074647318,100,2.4908840292203536,50,95,0.5
-0.712887149636274,0.37514791704222894,-1.90028284111738,0.057396011903465986,100,4.2093700019524505,50,96,0.5
-0.40679495324795634,0.3271574430143707,-1.2434225842451259,0.21371215226792553,100,2.5401879507151808,50,97,0.5
-1.2913586417130358,0.3475247463882183,-3.7158753589031184,2.0250139509604535e-4,100,3.6422206479866617,50,98,0.5
-1.4704887180016457,0.285092070030234,-5.157943249160527,2.4967726513608466e-7,100,3.2936246130303246,50,99,0.5
-1.0579447562670379,0.353103902625674,-2.9961287553045453,0.00273430954388206,100,3.2485193682102107,50,100,0.5
-1.5101113203994774,0.29409020126431146,-5.134857652201324,2.823576540892104e-7,150,4.150261470076169,75,1,0.5
-0.9149255894123904,0.28398502031624095,-3.221738908599984,0.0012741518593654304,150,2.818491506651503,75,2,0.5
-0.9252751029848619,0.2540655179537017,-3.641875963480706,2.706584832351078e-4,150,3.9274105383236666,75,3,0.5
-1.4185203170634497,0.2698309230014395,-5.257070988323611,1.4636782490270527e-7,150,3.7645961861135184,75,4,0.5
-0.8711509651322202,0.29584503536254786,-2.9446191789720415,0.0032335238621253428,150,3.3605916670134928,75,5,0.5
-0.7677155154261999,0.2751197211918252,-2.7904779493830465,0.0052630285079729704,150,3.4811565908007456,75,6,0.5
-1.0348105874145546,0.2895484301463629,-3.5738773886339894,3.5173368375074826e-4,150,2.8455290250497924,75,7,0.5
-0.9879072446580349,0.2841697394481046,-3.4764688406889563,5.080632620856251e-4,150,3.017336806289622,75,8,0.5
-0.9937359194898127,0.259409397073484,-3.8307629974110498,1.2774650845248637e-4,150,2.6134752247956374,75,9,0.5
-1.3242451376247957,0.289726160409133,-4.570678518483731,4.861475834854844e-6,150,3.2675933360712985,75,10,0.5
-0.9811640814222969,0.2632195357210713,-3.727550383881908,1.933499160884199e-4,150,2.8243900921386462,75,11,0.5
-1.0333755725956117,0.2645703983293722,-3.9058624060773774,9.388992796850447e-5,150,4.024666142236994,75,12,0.5
-1.2668937257579929,0.26453398807721656,-4.7891529363258645,1.6748680083327256e-6,150,3.24184474450516,75,13,0.5
-1.382776479669763,0.3224831881857624,-4.287902533614348,1.8036819981501174e-5,150,3.156732543804784,75,14,0.5
-0.7951210161352835,0.3003551452395358,-2.6472695032447926,0.008114465612609785,150,2.6739569834115144,75,15,0.5
-1.4271701311653493,0.3057502540784993,-4.667764334216818,3.0449487062992065e-6,150,3.9000408559882747,75,16,0.5
-0.9077701063142013,0.29799259845640563,-3.0462840722099416,0.00231688825313828,150,2.8850762616376002,75,17,0.5
-1.0030369041039255,0.3199095705949024,-3.1353763572583424,0.0017163376197594068,150,2.3129666483358022,75,18,0.5
-1.526360881241827,0.29541199454544037,-5.166888648480526,2.380229691034417e-7,150,3.4800256354635444,75,19,0.5
-1.3109959535939035,0.256133156022813,-5.118415647356241,3.0811298501323203e-7,150,3.2893037697511502,75,20,0.5
-1.205962645623036,0.29346968414893243,-4.109326144267167,3.9681532434082766e-5,150,3.2415059564790134,75,21,0.5
-1.3076183482006871,0.2997092119329394,-4.362956813263616,1.2831628116344652e-5,150,4.395377645501069,75,22,0.5
-1.172616891409841,0.3341145484283433,-3.5096253573086447,4.487384758707839e-4,150,3.7092643064542106,75,23,0.5
-0.630546150550611,0.2896725415049517,-2.176754991255643,0.02949885287358453,150,1.9205389178171437,75,24,0.5
-0.5090561265847706,0.3198205244982863,-1.5916931140781063,0.1114536763027691,150,2.7025582369741166,75,25,0.5
-1.3282344100035948,0.29174021493031066,-4.552798489988349,5.293697398126869e-6,150,3.9588212567364014,75,26,0.5
-1.0389850681949948,0.3300064355540381,-3.148378201930133,0.0016417912579999767,150,3.2072660749234814,75,27,0.5
-1.0019533448964912,0.297516396760323,-3.367724790320237,7.579121179171511e-4,150,2.6985285205862137,75,28,0.5
-0.9451558650328769,0.2779483597596284,-3.4004729002547593,6.726940343052922e-4,150,2.9912770334457246,75,29,0.5
-1.3011797589599294,0.28107581818036115,-4.629283897076434,3.669324273786632e-6,150,2.8865722941384018,75,30,0.5
-0.8005420329651023,0.2797528132072562,-2.86160494254625,0.0042150193590195445,150,3.12153479465349,75,31,0.5
-1.0961816724374605,0.26053434325215963,-4.207436373854616,2.582840916043878e-5,150,4.035157988150427,75,32,0.5
-0.9439075212683099,0.28476663456170787,-3.31467035357251,9.175125454215407e-4,150,1.864844815485581,75,33,0.5
-1.4191090046467711,0.26691608536304184,-5.316685964117118,1.056742159450658e-7,150,3.0766658740084214,75,34,0.5
-0.8251545393694797,0.29446193187500064,-2.802245214229453,0.005074828412495783,150,2.9602785690916757,75,35,0.5
-1.0799197484359904,0.2552739707412408,-4.230434247958065,2.3324061438774e-5,150,3.4381802855762444,75,36,0.5
-0.8181798186760507,0.26295851678932697,-3.1114406510421087,0.0018617689341839808,150,2.8592624192206024,75,37,0.5
-1.276118848935528,0.2738057396174882,-4.660672382975938,3.1517806269833128e-6,150,4.530338662445885,75,38,0.5
-0.927936753817034,0.3051756240232595,-3.040664721459895,0.0023605653003163367,150,2.287273640450991,75,39,0.5
-0.9224434208502892,0.2699253896187341,-3.417401461023092,6.322197599013484e-4,150,3.3680462038937655,75,40,0.5
-0.8907970350982652,0.26505691801534437,-3.3607764014169073,7.77237192760069e-4,150,3.4927006232228024,75,41,0.5
-0.698492310729944,0.29322879745383695,-2.382072691342356,0.017215498787961546,150,4.149914927654603,75,42,0.5
-1.0113116584261288,0.2714123800150588,-3.7261073292604343,1.944596280786627e-4,150,3.151130512247864,75,43,0.5
-1.0431074363562889,0.29863848437473733,-3.492876809029668,4.778468972011415e-4,150,3.007940062555811,75,44,0.5
-0.6526200264325823,0.2519038974127985,-2.59075001671421,0.009576702936143192,150,3.5572867403416755,75,45,0.5
-0.0920806929630461,0.26342920503500283,-0.34954625836118286,0.7266792490176908,150,2.7690826935453696,75,46,0.5
-0.9328899370779347,0.3000748844142468,-3.108857107114971,0.0018781252708339944,150,2.7654083930564823,75,47,0.5
-0.8769108892029016,0.26988253433390563,-3.249231712482605,0.0011571717647570767,150,4.231765157624414,75,48,0.5
-0.8512437922116258,0.291080843776925,-2.9244239544117567,0.003450943874053034,150,2.257267870999975,75,49,0.5
-0.9539367850153077,0.3025322838704268,-3.153173515273082,0.0016150577628719568,150,4.141988422803516,75,50,0.5
-1.057389858765593,0.2930695607103631,-3.6079825424469716,3.0858724818303703e-4,150,3.6433216533267885,75,51,0.5
-0.4573234402799984,0.2613421725687902,-1.7499029559020833,0.08013506055875351,150,4.316220890238359,75,52,0.5
-1.1333572566654189,0.24111668587247476,-4.700451370938489,2.595870695257016e-6,150,3.0980509171812916,75,53,0.5
-1.4007965375440437,0.2867839028162822,-4.884501967467169,1.0369060743406032e-6,150,3.308460959229949,75,54,0.5
-1.019274641454811,0.25172530158322365,-4.049154515037201,5.140299978906308e-5,150,3.0480755398836887,75,55,0.5
-0.6516010941913712,0.2763293750404825,-2.358059450233661,0.018370750644597394,150,3.409057606328709,75,56,0.5
-0.5963968627765126,0.26437342185627644,-2.2558881244149305,0.02407763844444884,150,2.975864140375789,75,57,0.5
-0.9118864588698408,0.3022749613788439,-3.016744935505807,0.002555047038721388,150,3.0339102436810936,75,58,0.5
-0.8356485103921668,0.2916053245280389,-2.8656833058335196,0.004161102897791507,150,2.622095761055027,75,59,0.5
-1.4206424507630033,0.25081880533534945,-5.664018887513548,1.4786812004318923e-8,150,2.821794887868384,75,60,0.5
-0.8810552896789293,0.31040711400287696,-2.838386267367453,0.004534227494570722,150,2.9373958909288973,75,61,0.5
-1.1103812917760825,0.30330848516208203,-3.6608975551169194,2.5133324458134683e-4,150,3.756269152741474,75,62,0.5
-0.9062689446356049,0.27525209259590544,-3.292505194378625,9.929906351792482e-4,150,3.4156910928718336,75,63,0.5
-1.2015080899896213,0.2826147382746474,-4.251399262914539,2.124390604820683e-5,150,4.229158683468487,75,64,0.5
-0.8467702167539736,0.3145829255725949,-2.6917233833104786,0.007108387626155785,150,3.3582957581938526,75,65,0.5
-0.854920238278382,0.2629380185240328,-3.251413557755405,0.0011483268898787047,150,3.391069261747271,75,66,0.5
-0.2748936903585961,0.2731301646813537,-1.006456722490904,0.3141959197363634,150,2.7048027185116794,75,67,0.5
-1.119147648813076,0.2731252728249647,-4.097561669184287,4.175249543380596e-5,150,2.7400670113126253,75,68,0.5
-1.4146147950291759,0.27072138503679494,-5.225352976222803,1.7382319244907378e-7,150,4.994043300433541,75,69,0.5
-1.2685849654328176,0.2835020134352982,-4.474694729892415,7.65205602846677e-6,150,3.2321334107507234,75,70,0.5
-0.6297746350972654,0.292546501215446,-2.1527334371825817,0.03133963403516343,150,3.5382390331801545,75,71,0.5
-1.077255864510208,0.29478138746123256,-3.6544229396161607,2.5776106511954204e-4,150,3.2377973669271505,75,72,0.5
-0.6156218198240373,0.25580634544113384,-2.4065932327144095,0.016102093404038852,150,2.304843388505411,75,73,0.5
-0.9557372549970347,0.26108558705670465,-3.6606281709049684,2.515976570465216e-4,150,3.6188296450616324,75,74,0.5
-1.155678909776826,0.2927908922556003,-3.9471135897490375,7.909903488273637e-5,150,3.1327840209207274,75,75,0.5
-0.7311636984448302,0.28418914795349554,-2.572806539975542,0.010087757838935759,150,3.4140380330115665,75,76,0.5
-1.035542171494392,0.2851384262473879,-3.6317173561025027,2.8154138474230334e-4,150,3.1713510057858088,75,77,0.5
-1.1840760162897896,0.262952835060204,-4.5029977182740435,6.7001603464992876e-6,150,3.588559515725972,75,78,0.5
-0.6888546265709301,0.2764372436493209,-2.49190238434293,0.012706095258074458,150,3.1688155935987012,75,79,0.5
-0.5694832394950654,0.28294556160125844,-2.0126954325497097,0.044146680190260607,150,3.0617750577560283,75,80,0.5
-0.4754156936370565,0.25783105504163517,-1.8439039221256153,0.06519714341322677,150,3.525222176593905,75,81,0.5
-1.533665525011715,0.27537892672748193,-5.569291533078882,2.5577721113241657e-8,150,4.684216008720895,75,82,0.5
-1.2742830493685438,0.2858032947401969,-4.458601677517057,8.249606204728356e-6,150,3.9969034849893195,75,83,0.5
-0.6366949797832921,0.3180578073671024,-2.00182157153721,0.0453039250517127,150,3.04552780677872,75,84,0.5
-0.9041695316751411,0.27036522093065446,-3.344252373004182,8.25046467072332e-4,150,3.230380699352752,75,85,0.5
-0.7913789839653415,0.28962962157397826,-2.7323827572077413,0.006287804599168592,150,3.9599378095192197,75,86,0.5
-1.3543932479445815,0.29252221549682955,-4.630052612052847,3.6557283419988947e-6,150,3.2968211039321815,75,87,0.5
-0.8077530941297604,0.31640232048114686,-2.552930373271049,0.010682084783623223,150,2.8965562719672207,75,88,0.5
-0.7188915418408176,0.30672087828174777,-2.3437972200264046,0.019088546405644263,150,2.3558818654795406,75,89,0.5
-1.1791921402049286,0.3152110397387349,-3.7409607898959094,1.8331812156685795e-4,150,3.41109472569625,75,90,0.5
-0.5285361215205255,0.30265813940718417,-1.7463139189177865,0.08075641855064171,150,3.2872536243434087,75,91,0.5
-0.9162024455701462,0.2722880243846273,-3.3648282829947065,7.6591310018867e-4,150,2.4248930583102624,75,92,0.5
-0.9234829573662393,0.26634056236647735,-3.467301222017966,5.257124075362416e-4,150,2.8908407072640525,75,93,0.5
-0.4773046641692058,0.2809493710651203,-1.698899208635612,0.08933817615793709,150,2.550687691080155,75,94,0.5
-1.0813052605131694,0.30786221033003963,-3.5123026608363865,4.4424177802920313e-4,150,3.7786643530555093,75,95,0.5
-0.753513654449204,0.27097945678925295,-2.780703981686808,0.005424117154339548,150,3.3774769858732103,75,96,0.5
-0.8644049806029686,0.30440551132764954,-2.8396495741253474,0.0045163116460580095,150,3.61023470017399,75,97,0.5
-0.5566850835396665,0.28096717306161056,-1.981317167673522,0.047555716319670656,150,3.066511678680067,75,98,0.5
-1.1593823923177962,0.2956367942779719,-3.9216444460146906,8.794670158661853e-5,150,4.461938637738539,75,99,0.5
-1.0375449672642092,0.26355782472865563,-3.9366881568870413,8.261384958404708e-5,150,3.2579145837764347,75,100,0.5
-1.046144201721192,0.2382056258770093,-4.391769496919181,1.1243186170484037e-5,200,2.5917071400660454,100,1,0.5
-0.8912861091050714,0.23486813623685812,-3.7948362148462476,1.4774095284324462e-4,200,3.5130022599116213,100,2,0.5
-1.195390168526528,0.2619340719847187,-4.563706277189733,5.02583810674392e-6,200,3.1015551618776485,100,3,0.5
-1.20132125393704,0.24680649060950474,-4.867462160214258,1.1304046674991786e-6,200,3.4594969508486457,100,4,0.5
-0.6493242441605205,0.2621588959787916,-2.476834675917502,0.013255328551978257,200,2.563667955786576,100,5,0.5
-0.8565910260568406,0.24236192483763666,-3.5343465217595087,4.087847648546251e-4,200,2.914239842874455,100,6,0.5
-0.9806268697014553,0.2468656092457951,-3.97231057293639,7.117883380390334e-5,200,3.4275753047388786,100,7,0.5
-0.9451735559578773,0.23055131227902978,-4.099623405369996,4.138229667529111e-5,200,3.8130335059617533,100,8,0.5
-1.1464084387771079,0.23491452189594558,-4.880108856296695,1.0602730136394032e-6,200,3.3101987068266556,100,9,0.5
-1.3205967305438835,0.24701083623063222,-5.346310917756061,8.976496022374433e-8,200,3.328604779100221,100,10,0.5
-0.795277952055933,0.2609502032126488,-3.047623424948474,0.00230658780462935,200,3.9312173719952987,100,11,0.5
-1.414218903618707,0.2501089356700942,-5.654411745944696,1.563809237587443e-8,200,3.3177395234082923,100,12,0.5
-1.4048810069877287,0.2368049387110067,-5.93265079113162,2.9808240832913087e-9,200,3.452563770281584,100,13,0.5
-0.7299564660449938,0.2394258483872486,-3.0487788639443743,0.0022977354840778663,200,3.2790516971636183,100,14,0.5
-0.6795795504327911,0.2182441741939533,-3.113849672930328,0.0018466354938831758,200,3.25703023347117,100,15,0.5
-0.4977782699908533,0.24103991431142885,-2.065127974397273,0.0389108931679319,200,3.96089838821956,100,16,0.5
-1.6252566156726815,0.29219762293437096,-5.56218287935122,2.6642087707939694e-8,200,2.2553300826803255,100,17,0.5
-0.8082606742591543,0.2435807357109484,-3.318245475776452,9.058483718053878e-4,200,2.911559706656117,100,18,0.5
-0.9959468442674515,0.2422006542277024,-4.112073303200587,3.9212174643353554e-5,200,3.5509500778377596,100,19,0.5
-0.6731120998795737,0.2541317529652884,-2.648673737246496,0.008080830197632841,200,3.4132282542945322,100,20,0.5
-0.9765248234073811,0.2338909506043202,-4.175128712266407,2.9781761918694916e-5,200,2.654002545062461,100,21,0.5
-0.8992435508964752,0.23396776966941885,-3.843450540931546,1.2131645740028117e-4,200,3.541054445903386,100,22,0.5
-0.6315003728210067,0.26530769373405394,-2.3802565388624823,0.01730058902855542,200,3.1588614719164205,100,23,0.5
-1.0403188724268126,0.2552802966564555,-4.075202379707455,4.597434684431914e-5,200,2.7874821656620803,100,24,0.5
-1.1326177011483654,0.24300964716290524,-4.6607931593312335,3.1499315446334762e-6,200,3.879282258836252,100,25,0.5
-1.0605444905919668,0.23678805386545204,-4.478876671686277,7.503686843897504e-6,200,3.429379089822058,100,26,0.5
-1.2134153974385447,0.24300903231433527,-4.993293400999912,5.935827743410858e-7,200,4.129171121118908,100,27,0.5
-0.9900359642824432,0.24890674348896413,-3.9775377332287456,6.963257563199308e-5,200,3.4117080003060636,100,28,0.5
-1.0349669389055811,0.25381603853674395,-4.077626240139088,4.549782779299105e-5,200,2.870385079882535,100,29,0.5
-0.7184911144478102,0.2557714810641986,-2.8091134768362584,0.004967813272817708,200,3.862617106184832,100,30,0.5
-1.1204165806402158,0.2192408380124261,-5.110437411193954,3.214137814918437e-7,200,3.6562046978843536,100,31,0.5
-1.401780266260098,0.25006849491724076,-5.605585248649623,2.0755243383111464e-8,200,2.8407964647700688,100,32,0.5
-0.6803527707495306,0.2546371346078115,-2.671852131062503,0.007543388085378668,200,2.8829023946642884,100,33,0.5
-0.4547671302636264,0.23843833707426346,-1.9072735359749875,0.05648517528940925,200,2.225785177724358,100,34,0.5
-1.0667936547866987,0.25671861316017947,-4.155497887958258,3.2457994341689015e-5,200,2.9519834791370716,100,35,0.5
-1.0522533087493051,0.2514899185579967,-4.184077496158728,2.8632643025846816e-5,200,2.6380364082914642,100,36,0.5
-1.1010192182765766,0.238012226182874,-4.625893534690193,3.7298686831750627e-6,200,3.4526210408489906,100,37,0.5
-0.5879350074727626,0.24526179178892565,-2.397173253870478,0.016522109420274718,200,4.150823558909726,100,38,0.5
-0.872849030171148,0.22643026624904564,-3.8548249075992373,1.1581248504974704e-4,200,3.8975107270476474,100,39,0.5
-0.9040080915006654,0.2445574839903536,-3.696505528067681,2.1858750169891094e-4,200,3.229345422851626,100,40,0.5
-1.6279563095387748,0.2360858521755566,-6.895611467341146,5.363359898768246e-12,200,2.5978246884502525,100,41,0.5
-0.6534168246083735,0.23204992828433035,-2.8158458373136965,0.004864900487288911,200,3.262766170972929,100,42,0.5
-1.396991623215023,0.2631946991283382,-5.307825833277236,1.1094057058069571e-7,200,4.014907304378415,100,43,0.5
-0.8099076096010345,0.22841795277378274,-3.545726593579704,3.9153220591193214e-4,200,2.9975535356268708,100,44,0.5
-0.9114458113064552,0.2295433175356275,-3.970691985685836,7.166418042256927e-5,200,3.568906831083005,100,45,0.5
-1.1583742904832637,0.23371880758372787,-4.956273320315848,7.185811334193151e-7,200,3.5827687545021547,100,46,0.5
-0.9129758248378561,0.23045260140002882,-3.961664217680391,7.442916413078785e-5,200,3.7103348116838983,100,47,0.5
-1.1055382678798673,0.27330332243013694,-4.0450963349063205,5.230161262894744e-5,200,3.7372817238458946,100,48,0.5
-0.7532214954539742,0.22413809650128372,-3.360524191163818,7.77947176326534e-4,200,3.0076071753245834,100,49,0.5
-0.9630397939542648,0.2657277515311962,-3.6241596461226395,2.899025033144238e-4,200,2.7703780880465914,100,50,0.5
-1.0729762129302092,0.23263500461128916,-4.612273267830221,3.982888939095583e-6,200,3.147319414505473,100,51,0.5
-1.0579372429072524,0.21481870705660372,-4.924791036138631,8.445055136337423e-7,200,3.545134331420334,100,52,0.5
-1.206510054158322,0.24678323765435406,-4.888946533103543,1.013770227337458e-6,200,3.2112247189016063,100,53,0.5
-0.8409679775740639,0.2647451589528551,-3.17651881114782,0.0014905412250332687,200,3.706414284135086,100,54,0.5
-1.249994528662823,0.23851876951171339,-5.2406547762331845,1.6000781498715327e-7,200,3.775491856531609,100,55,0.5
-0.9335848452858049,0.22673513274929327,-4.117512949870425,3.829830154608909e-5,200,3.5059028870471955,100,56,0.5
-0.7421557360679848,0.23453119817663234,-3.164422225434782,0.0015539118674625034,200,2.9741043105509704,100,57,0.5
-1.0695164490342375,0.2773074252327818,-3.8567897997554415,1.1488587425455809e-4,200,3.4531358036259885,100,58,0.5
-0.9871657485545562,0.2400333178062974,-4.1126196878684205,3.911945405707486e-5,200,3.2892373143760505,100,59,0.5
-1.199078982259469,0.2658681461012348,-4.510051316199778,6.481194568786549e-6,200,2.480922950613884,100,60,0.5
-0.9758167441726628,0.25025412497668764,-3.899303335214014,9.646985691813077e-5,200,3.1138050847643477,100,61,0.5
-1.1051633934760632,0.2441956786916453,-4.52572870821188,6.018775027170719e-6,200,3.2929406526320815,100,62,0.5
-1.0643438430416823,0.22689698655243168,-4.690868130131522,2.720482747343113e-6,200,3.831481938116104,100,63,0.5
-0.9823661363898051,0.21869034247616442,-4.492041693596394,7.054360840523887e-6,200,2.5980029345942484,100,64,0.5
-0.9763776256020165,0.24226395858061736,-4.030222371179122,5.572411078960734e-5,200,3.577176513733429,100,65,0.5
-0.37534443608861096,0.2418948362816717,-1.5516843677123615,0.1207377649031787,200,2.63215365688378,100,66,0.5
-0.7772121817771422,0.26789897469465884,-2.9011390680497358,0.003718088297540451,200,3.919881998083495,100,67,0.5
-1.1232195741960074,0.2862079928594109,-3.9244870940684997,8.691471849325525e-5,200,3.0362312023575093,100,68,0.5
-0.8462838824750916,0.2609228405068799,-3.243425837427893,0.0011810155214975135,200,3.324617319347478,100,69,0.5
-0.9252952199729723,0.22222162703613396,-4.163839642045804,3.129399405812268e-5,200,3.9008040530251016,100,70,0.5
-1.0157964613968429,0.2592734756898746,-3.9178572304552666,8.933959094132247e-5,200,3.24875043000352,100,71,0.5
-1.298512565721142,0.23867973202036294,-5.440397283546303,5.3161884310758573e-8,200,2.5883642423616475,100,72,0.5
-1.3170538265914749,0.23560128742126246,-5.590180940889943,2.2683311928615477e-8,200,3.7661335934938442,100,73,0.5
-0.7366024433743219,0.23817670695992643,-3.0926720449546576,0.0019836321548158536,200,2.8234438148748193,100,74,0.5
-0.867877059657213,0.2275577454794454,-3.8138761562638424,1.3680404199740856e-4,200,3.8285562911281783,100,75,0.5
-0.7938178131736807,0.24267624992066725,-3.2710980717444986,0.0010713075175994978,200,3.53037848529633,100,76,0.5
-0.925990206866235,0.2493690256423019,-3.713332898827969,2.045475402333833e-4,200,2.366279689688602,100,77,0.5
-0.6305647451164258,0.21789143732626223,-2.893939995320892,0.0038044085683434825,200,2.6113488465047325,100,78,0.5
-1.3921519900817765,0.22353028566693842,-6.228024027831701,4.723546382364318e-10,200,3.069802840066174,100,79,0.5
-0.9763618875971595,0.2539435466451984,-3.8447989740070074,1.2065130518667698e-4,200,2.6988589180612905,100,80,0.5
-0.9835473261979575,0.26683287628396196,-3.6860050376673685,2.2780184300307847e-4,200,3.0422020659654905,100,81,0.5
-0.8774777209053732,0.24902099665781913,-3.523709778220506,4.255500847156286e-4,200,3.2662623054190476,100,82,0.5
-0.778588917908966,0.24710133668398593,-3.1508891386722495,0.0016277426118925676,200,3.2383848183692443,100,83,0.5
-0.974624615203266,0.24707217068415005,-3.944696047735777,7.990126192361826e-5,200,3.424898170901347,100,84,0.5
-0.808395571433683,0.22573045227402996,-3.581242864176408,3.419635907655395e-4,200,3.4187587459983266,100,85,0.5
-0.8216693695927672,0.2578801172247541,-3.1862455253835846,0.0014413222226255969,200,3.1459954092068454,100,86,0.5
-0.9924834025456954,0.25995378503167843,-3.8179224912026175,1.3458018989985222e-4,200,1.8548580010291875,100,87,0.5
-0.7427444587723993,0.21382575905539233,-3.4735967362098252,5.135322103353289e-4,200,3.0601360030580445,100,88,0.5
-0.7250628136929881,0.2730555562354508,-2.655367368052308,0.00792220802020358,200,3.5338945602048515,100,89,0.5
-1.5944452834563687,0.23275747199540797,-6.850243172807038,7.372455838004382e-12,200,3.1045132357463565,100,90,0.5
-0.8508468451464848,0.21826156715925565,-3.898289819048445,9.687443229916368e-5,200,3.1736663885985354,100,91,0.5
-1.2569302352579854,0.25768072386637847,-4.877858989210898,1.0724354607302277e-6,200,3.942266063987775,100,92,0.5
-0.3994734756167515,0.22604201328367554,-1.7672532190528005,0.07718583054874022,200,2.9813467268406786,100,93,0.5
-1.0690726470629008,0.23490889090097614,-4.551009725355859,5.3389079977275724e-6,200,3.906181348651648,100,94,0.5
-1.3846085696196497,0.2515750204959695,-5.503760138387159,3.717752844960682e-8,200,3.8482364894501906,100,95,0.5
-0.5349173376887847,0.23489169643185576,-2.277293517882907,0.022768703771976734,200,3.4562224388699843,100,96,0.5
-1.1333762917935224,0.23874788086892787,-4.747167965087589,2.0628463983769885e-6,200,2.8860399673330654,100,97,0.5
-0.6905087136527306,0.2277549063389456,-3.0318060969677343,0.0024309530735885476,200,3.186276846909939,100,98,0.5
-0.8512551124578747,0.2483069676551925,-3.4282369137540933,6.075150435782876e-4,200,3.1378809699867034,100,99,0.5
-0.9427053569567757,0.2191046574853273,-4.3025345411468745,1.688553365814938e-5,200,3.8508892838415,100,100,0.5
-0.7993805494204724,0.2130471808900828,-3.752129204811661,1.7533905312450097e-4,250,3.047034283347216,125,1,0.5
-1.2725115187927103,0.21480981174948993,-5.923898486893637,3.1439757718316654e-9,250,3.332644794369827,125,2,0.5
-1.1649468269462688,0.21577699720935029,-5.398846225559525,6.707083013337558e-8,250,3.72424258887707,125,3,0.5
-0.9333750496287738,0.22017810852950467,-4.239181887166127,2.243358435351754e-5,250,3.274619012713689,125,4,0.5
-1.1509055457955517,0.23130231424774908,-4.975763210751151,6.499105546524938e-7,250,3.244076401984259,125,5,0.5
-1.0423784350968885,0.21789657160255652,-4.783822101607856,1.7199292097647234e-6,250,2.901231800906219,125,6,0.5
-0.7791238051050567,0.2068170959278877,-3.7672118042732747,1.6508093916825072e-4,250,3.015753494590447,125,7,0.5
-0.6498750354327563,0.2229025016262078,-2.9155125253935106,0.0035510485282618637,250,2.8109442728307403,125,8,0.5
-0.7760536869746687,0.2197826254066834,-3.5310056267581085,4.139829412867587e-4,250,3.448071309961948,125,9,0.5
-0.807767549307095,0.21655101761740697,-3.730148942242442,1.913666114422042e-4,250,3.5715334104079375,125,10,0.5
-0.917166423192115,0.2148261438593253,-4.269342672708884,1.9604987656332533e-5,250,3.334965496699068,125,11,0.5
-0.9881650556883755,0.22694624939273025,-4.3541810377238575,1.335652958318877e-5,250,3.52837527220224,125,12,0.5
-0.7725593967380116,0.21043768118036835,-3.671202763709617,2.4141172055618202e-4,250,3.7956052188370233,125,13,0.5
-0.6224726772846647,0.22323035591998788,-2.78847683917942,0.00529565338575684,250,2.74235154146176,125,14,0.5
-0.7487756520864923,0.2048898272801869,-3.654528201942117,2.576553419933003e-4,250,3.9133131501114953,125,15,0.5
-1.1851266250124923,0.21501519031534308,-5.511827435421543,3.5512701737978384e-8,250,3.517001040748866,125,16,0.5
-1.1041490484448104,0.22379798279716803,-4.933686330164646,8.069198988490597e-7,250,3.26046436699764,125,17,0.5
-0.9799277070479004,0.23121683741117435,-4.2381329924744575,2.2538625114232164e-5,250,3.3419376031280272,125,18,0.5
-1.3172423373693314,0.20679312867287988,-6.36985544840341,1.8920643857126157e-10,250,3.4406259274258755,125,19,0.5
-0.9654475220469965,0.2353344543211039,-4.102448682374763,4.088005442961141e-5,250,3.035288114035625,125,20,0.5
-1.384301584809172,0.20951005151143148,-6.60732778605441,3.91318975644988e-11,250,3.419257321639451,125,21,0.5
-0.8557663287629729,0.2142517426508352,-3.9942094200727705,6.491047322952779e-5,250,3.0446823581026337,125,22,0.5
-0.9490724561545532,0.21881041254424657,-4.337419070322521,1.4416559066817899e-5,250,3.035690441459799,125,23,0.5
-0.92230003567317,0.2162125803865881,-4.265709395929217,1.9926801862873452e-5,250,2.7360995268311523,125,24,0.5
-0.8423623181342147,0.22713516461813069,-3.70863894875296,2.0837630351948924e-4,250,3.394814541333675,125,25,0.5
-1.0527143208672922,0.22395790295072932,-4.7005008843063205,2.5952413223206425e-6,250,3.2630525060000064,125,26,0.5
-0.8727988469965136,0.22996869286377636,-3.7952942034310833,1.4746847744386322e-4,250,3.0325815880442484,125,27,0.5
-0.8039703076787549,0.20819803929474134,-3.8615652212775737,1.1266292713760898e-4,250,3.094096047790533,125,28,0.5
-1.2394710227809433,0.22245101919587895,-5.5718828677945,2.520008348317439e-8,250,3.8287267127301465,125,29,0.5
-1.1790765827690541,0.21541487992963645,-5.473515029018376,4.4119544678619485e-8,250,3.8709465465809743,125,30,0.5
-1.1757931480578905,0.22446689242679405,-5.238158444418946,1.6218679664752598e-7,250,3.0807213442785244,125,31,0.5
-1.1583532962438012,3.941634598952323e-4,-2938.763772145923,0,250,3.7854292307066526,125,32,0.5
-0.6809752455002307,0.21254623392339264,-3.203892315239387,0.0013558317796958416,250,3.1190094918356266,125,33,0.5
-1.0891937515757473,0.23295266133404682,-4.675601237342713,2.9309364200051857e-6,250,2.767701557828463,125,34,0.5
-0.7232038993788521,0.21792123676829234,-3.318648104717799,9.045434024450099e-4,250,3.632093830966326,125,35,0.5
-1.0087914607400394,0.22982382828877243,-4.389411960680153,1.1365757981586826e-5,250,3.643629115518147,125,36,0.5
-0.8291934926848115,0.2274903845207871,-3.6449606185840495,2.674327501934576e-4,250,2.980318479410757,125,37,0.5
-0.6285025214605142,0.2117783877992228,-2.967736830900649,0.0030000106810934017,250,3.244913748619341,125,38,0.5
-1.0439659151937923,0.24085208509720168,-4.334469077867749,1.4611232366167712e-5,250,3.310506366215101,125,39,0.5
-1.206980220274405,0.2264937542084821,-5.328977942426653,9.876698967435297e-8,250,3.520665786100732,125,40,0.5
-0.7136278234870379,0.22914758527633775,-3.114271628158102,0.0018439964384641013,250,2.5552724244918608,125,41,0.5
-1.1264839080565885,0.22555592116700734,-4.99425553640204,5.906315257886334e-7,250,3.4808398866250467,125,42,0.5
-1.558698725288246,0.22182569856461568,-7.0266823698707395,2.1150208639285434e-12,250,3.0503321635436436,125,43,0.5
-0.9719113136256043,0.2113493399510714,-4.598601130481919,4.2533723318261895e-6,250,3.8001167333670587,125,44,0.5
-1.0363255475892528,0.2257437930618657,-4.590715578634957,4.417289432695376e-6,250,3.821651731798667,125,45,0.5
-0.9776700755086432,0.21431853479598764,-4.56176166209469,5.072620913201786e-6,250,3.7466796628667023,125,46,0.5
-0.7061257437347664,0.2132969563831895,-3.3105289250644843,9.311982749137559e-4,250,3.5079426994743557,125,47,0.5
-1.1025323328389534,0.2285503862914399,-4.824023055612081,1.4069114380542059e-6,250,2.6553467618822317,125,48,0.5
-0.5385626244368614,0.21308601221372436,-2.5274424108922053,0.011489666568154921,250,2.861943370509179,125,49,0.5
-0.7475801149250931,0.23664338035720656,-3.1591000508725067,0.001582571504826871,250,3.4482074613880567,125,50,0.5
-0.8960694669910265,0.21676390336999543,-4.133850023274036,3.5673631503863256e-5,250,3.226179737663628,125,51,0.5
-1.4106899389909626,0.221160423400629,-6.378582195221781,1.7873490907583005e-10,250,3.3485930340550816,125,52,0.5
-1.007087954147711,0.22689859903074863,-4.438493487618376,9.059072493769921e-6,250,3.54057012971559,125,53,0.5
-1.461935035333398,0.23378293975788614,-6.253386311453819,4.0164697582425614e-10,250,3.8962054040527807,125,54,0.5
-0.9932940820693694,0.23448136584989512,-4.236132276307336,2.2740284638565002e-5,250,3.520729467029007,125,55,0.5
-0.8943085036805427,0.21707347827346388,-4.119842326172683,3.7913175519799474e-5,250,2.901147033594494,125,56,0.5
-0.9596577769720549,0.21096062587382566,-4.5489899975269354,5.390400486542916e-6,250,3.7862500156404746,125,57,0.5
-0.938799015373305,0.20304066763441178,-4.623699411113418,3.769560092416254e-6,250,3.827467368293636,125,58,0.5
-1.3772214807589527,0.22800057054692702,-6.0404299754833,1.5370407916354017e-9,250,3.5145244507833535,125,59,0.5
-1.0237067046105972,0.21851517916182817,-4.684831088335788,2.801909038032784e-6,250,2.541737499686347,125,60,0.5
-1.0782321247386975,0.22172613905709543,-4.862900374867611,1.1567807741477427e-6,250,3.5164705444322006,125,61,0.5
-0.9516907926355749,0.22426440644555168,-4.243610511892053,2.19951976881713e-5,250,3.1584138142932243,125,62,0.5
-1.0691145843975423,0.21415844149629432,-4.992166439612616,5.970576872479602e-7,250,3.3961532539133774,125,63,0.5
-0.9193430843170947,0.21112920552288988,-4.354409812892621,1.3342589625563149e-5,250,3.1067993165076224,125,64,0.5
-0.8128549546934963,0.2238778228118073,-3.6307971217711272,2.825472245833744e-4,250,3.724915257691624,125,65,0.5
-1.2316248179791127,0.2348390012550082,-5.244549718731386,1.5666445695714556e-7,250,4.522746133060966,125,66,0.5
-1.1370507190241974,0.22214832670074422,-5.118430266440481,3.080891079037538e-7,250,3.685690064035281,125,67,0.5
-1.0242519563192518,0.21548549269370917,-4.753229294071886,2.0019308905508406e-6,250,3.302283518556081,125,68,0.5
-1.0301954083217404,0.22536693917339817,-4.5711913739446235,4.849591334547904e-6,250,2.865566467580967,125,69,0.5
-1.4163075726185457,0.21607101666913683,-6.554824401957138,5.5707388802614194e-11,250,3.1558902622963636,125,70,0.5
-0.8445947154917357,0.23433024084027523,-3.604292439862384,3.130044710720161e-4,250,3.0876092142871823,125,71,0.5
-1.0909575019383138,0.2151898549587004,-5.069744120361492,3.983508939560105e-7,250,3.2815898923323825,125,72,0.5
-0.8361971329830286,0.22380561619948672,-3.736265189331501,1.8677369468953219e-4,250,3.2264928932429147,125,73,0.5
-1.1663631351407135,0.20073817135493563,-5.810370430636264,6.233476091127712e-9,250,2.8093791699879525,125,74,0.5
-1.331631262777451,0.22324505228656416,-5.964885891706699,2.4480505919320888e-9,250,3.171547714626266,125,75,0.5
-1.2257095776919926,0.21876072802476673,-5.602969000693879,2.1071092090519754e-8,250,3.066758361313422,125,76,0.5
-0.7168675240153661,0.20921736546701797,-3.426424581989952,6.115835731641992e-4,250,3.4017408056599994,125,77,0.5
-0.9311683119525265,0.21326388249868145,-4.366272905860108,1.2638455688150745e-5,250,3.707019416586837,125,78,0.5
-0.99190880502936,0.2082081061478346,-4.764025874790255,1.897681546505398e-6,250,2.67360124310496,125,79,0.5
-1.580284359207656,0.21426981036954748,-7.375207718166953,1.640890121759604e-13,250,3.2513171140010826,125,80,0.5
-0.9092303150914638,0.22105904991742018,-4.113065334493747,3.9043982669249844e-5,250,3.0031064402044123,125,81,0.5
-1.131538315400277,0.19897474340306578,-5.686843948370395,1.2940860610344827e-8,250,4.0672920616792805,125,82,0.5
-0.7324552972214312,0.2045361290105504,-3.581055829914771,3.422085129236426e-4,250,3.15903335149574,125,83,0.5
-0.6648179601659399,0.22340447479665254,-2.975848898152426,0.0029217878375425773,250,3.286032202814374,125,84,0.5
-0.8036051400602644,0.21575084650118337,-3.724690554369884,1.9555495124662562e-4,250,3.352020468497786,125,85,0.5
-0.9596006125053044,0.2261718322011005,-4.2427945300106,2.2075353527532143e-5,250,3.718760800087585,125,86,0.5
-0.9818875417127289,0.22498367373466494,-4.364261305781327,1.2755303725145582e-5,250,3.144912515514516,125,87,0.5
-0.9098056629933498,0.21980730935611137,-4.139105590521411,3.48662459099718e-5,250,3.2393996144957136,125,88,0.5
-1.2677529423368004,0.21638323101448603,-5.858831742150708,4.661346789023068e-9,250,3.609457439749491,125,89,0.5
-1.2141634298218293,0.2337792205690196,-5.193632808196343,2.0622970289206727e-7,250,3.5494152456443704,125,90,0.5
-0.8287192358229883,0.2184973111022858,-3.792812056323373,1.489508913008536e-4,250,3.153516496052884,125,91,0.5
-0.8798220715721544,0.20015367889699082,-4.395732701095918,1.1039972160768042e-5,250,3.4137898835837053,125,92,0.5
-1.011423805983664,0.20664212256894904,-4.894567445445148,9.852218482992165e-7,250,4.2985418568316245,125,93,0.5
-0.8466063204447788,0.18972955945516704,-4.462174069638481,8.113227624753058e-6,250,2.9107087938452256,125,94,0.5
-0.9209881032253717,0.21932460960793737,-4.199200923561298,2.6785856305444025e-5,250,3.712484831510272,125,95,0.5
-1.142404429017242,0.21538163272917782,-5.304094014616874,1.1323394733235817e-7,250,3.655406768447282,125,96,0.5
-0.5944110617874283,0.2045275034589489,-2.9062646917153305,0.0036577189209564707,250,3.2685610710128454,125,97,0.5
-1.4143065729713964,0.23207799067368504,-6.094100387830368,1.1005458368722504e-9,250,4.184399099315273,125,98,0.5
-0.8852047366622293,0.2257746453408154,-3.9207446669929618,8.82757583398355e-5,250,3.561271147774624,125,99,0.5
-1.2690983721192928,0.21862703768451416,-5.804855545591952,6.442152017556917e-9,250,3.264524747059596,125,100,0.5
-0.6425448400885868,0.19853287221319965,-3.236465744567345,0.0012101975059470148,300,2.552396828631384,150,1,0.5
-0.8940816954808866,0.19707737334521833,-4.536703936655037,5.714023333329631e-6,300,2.899126550079014,150,2,0.5
-0.7298949122519708,0.20125170066386114,-3.626776369314122,2.869816345377648e-4,300,3.037985766279089,150,3,0.5
-1.1161214471142853,0.20250200805031446,-5.511656194722619,3.5547277070192885e-8,300,3.659957278594554,150,4,0.5
-0.7686976830780459,0.20495489140428544,-3.7505700781824474,1.7643298561743494e-4,300,2.5966227415635466,150,5,0.5
-1.0384729946699296,0.19924994143738198,-5.211911166339234,1.8690504985752828e-7,300,3.6293056760621134,150,6,0.5
-1.1814867129455966,0.1905234995519493,-6.2012650183524745,5.601110204013746e-10,300,3.073309373923294,150,7,0.5
-0.7990023018072943,0.19009527845886945,-4.203167528856709,2.632056377338079e-5,300,2.845882589482022,150,8,0.5
-0.9164241566466061,0.19212333770013987,-4.769978325469926,1.842457428433642e-6,300,3.2121526234401276,150,9,0.5
-0.8748295930580381,0.21309977687894668,-4.105258137154189,4.0386364105340695e-5,300,3.021864084208733,150,10,0.5
-0.8367658958740122,0.2204964180824649,-3.794918317272005,1.4769207203938633e-4,300,2.566536509218375,150,11,0.5
-0.8344864905843796,0.21646099305151414,-3.855135647399463,1.156654775772331e-4,300,2.8886482083567735,150,12,0.5
-0.9550848856485636,0.2060546567298402,-4.635104592180038,3.5675704898152387e-6,300,3.715355154643852,150,13,0.5
-0.8779662060237747,0.18546261134513856,-4.733925612585679,2.2021846414967344e-6,300,3.4580016586243243,150,14,0.5
-1.112110244408386,0.21106188306926693,-5.269119313426244,1.37079845155294e-7,300,3.5766489205517153,150,15,0.5
-0.9374742982103352,0.20557557576928073,-4.560241627451263,5.109479412441428e-6,300,3.4796219123362597,150,16,0.5
-1.0768202626139338,0.20818364160607009,-5.172453773536723,2.310396686891507e-7,300,4.2565274936811175,150,17,0.5
-1.3145985213712736,0.18470437979375123,-7.117311039614817,1.1005294395467074e-12,300,3.6395918560111475,150,18,0.5
-0.5912664459775716,0.2058841040445865,-2.8718411687068675,0.004080880179649802,300,2.875947299773303,150,19,0.5
-1.218279531519885,0.20745779936984632,-5.8724209705319,4.294764626149356e-9,300,3.0809335121185946,150,20,0.5
-0.7835713044090293,0.2030331768207016,-3.859326424769487,1.1369998144950684e-4,300,3.2481292793426277,150,21,0.5
-0.8529805020635453,0.20010938348566484,-4.262571235819383,2.020880455437467e-5,300,3.772476684595995,150,22,0.5
-1.1431600211604238,0.21050404412920587,-5.43058460415497,5.616974228283252e-8,300,3.144943499555513,150,23,0.5
-0.6637863143298204,0.2074154905314873,-3.2002735795138326,0.0013729719713035696,300,3.372669866908593,150,24,0.5
-0.9006456488307825,0.1944176653061129,-4.632529906234113,3.61224134476114e-6,300,3.2287349204638183,150,25,0.5
-0.9258136693578594,0.20788671417153173,-4.453452800230181,8.450029046924764e-6,300,3.5495446217799778,150,26,0.5
-1.1367251373179026,0.20520377010661267,-5.539494409519485,3.033461290402709e-8,300,2.9694210843725113,150,27,0.5
-0.8238075608735812,0.2071396575195636,-3.9770634495510624,6.977155280364184e-5,300,3.6218089875023587,150,28,0.5
-0.7360179110744827,0.18413555240663695,-3.9971526489848777,6.410896247477513e-5,300,3.325185609223414,150,29,0.5
-0.896547685663273,0.21252412573758217,-4.218568986235006,2.458577496265217e-5,300,3.1877006267723083,150,30,0.5
-0.8884115270319204,0.19402586828950147,-4.578830311978516,4.6758332261855225e-6,300,3.4999498482006057,150,31,0.5
-0.8459966815520465,0.2171520633422994,-3.895872176072727,9.784598508168375e-5,300,3.189289624885822,150,32,0.5
-0.7819371970938075,0.19173048897309536,-4.078314311311922,4.536341229534841e-5,300,3.4158413005094435,150,33,0.5
-1.4648490007578907,0.19287120776633876,-7.594959443259869,3.078888500149895e-14,300,3.281465331931983,150,34,0.5
-1.0701747861398248,0.19646937639635628,-5.447031012002908,5.1217536015513786e-8,300,3.6179838039397545,150,35,0.5
-0.7323154636474778,0.1963830501720828,-3.7290156304517033,1.9222922949771242e-4,300,3.3088367480890692,150,36,0.5
-1.0984879959825848,0.2029272880076174,-5.4132098584067725,6.190486602979685e-8,300,3.293938716727645,150,37,0.5
-0.9387249645967266,0.1950330070635488,-4.813159468391194,1.485626471619584e-6,300,3.080170477816136,150,38,0.5
-0.89731377552111,0.18541423158298648,-4.839508638901304,1.3016053379216552e-6,300,3.2718508741722054,150,39,0.5
-1.006483017920015,0.1976813037909371,-5.091442633262106,3.553493892713134e-7,300,2.783608926839662,150,40,0.5
-0.8263775591550868,0.2178083864208305,-3.7940575784737307,1.4820528250986947e-4,300,2.7588326599592197,150,41,0.5
-0.7731497438086901,0.200351267999166,-3.858971053838843,1.138654219509749e-4,300,3.1693902774380938,150,42,0.5
-0.3975167932512421,0.20322586441803148,-1.9560344564880685,0.05046109523532422,300,3.4635802156300564,150,43,0.5
-0.9385080266779274,0.20290947840195214,-4.6252547395484225,3.7413828714182967e-6,300,3.6791804246503723,150,44,0.5
-0.8394123526147179,0.1968039849022522,-4.265220305532095,1.9970504840377453e-5,300,3.1245505528535844,150,45,0.5
-1.0463232151569684,0.1941970400541848,-5.387946257394158,7.126735433036249e-8,300,3.181862969748577,150,46,0.5
-0.967926714409431,0.19277108200358145,-5.021119891786716,5.137108051546115e-7,300,3.722584911997986,150,47,0.5
-1.0083668881150438,0.2088534146684197,-4.828108219901261,1.3783618678854788e-6,300,2.8365814355664796,150,48,0.5
-0.8733765503287768,0.2075058512243339,-4.208924929950878,2.5658861319294737e-5,300,3.172123372741181,150,49,0.5
-0.9983333190169643,0.19717687348999768,-5.063135961873376,4.124155046791359e-7,300,3.697019768479178,150,50,0.5
-1.0833736517741914,0.19877799167867657,-5.450169018336086,5.0321972752579036e-8,300,3.3752936725768254,150,51,0.5
-1.1925982517417875,0.21136373586234855,-5.642397674681866,1.6769820458620155e-8,300,3.4625976827453915,150,52,0.5
-0.6408810044902633,0.19510939792627796,-3.284726472952472,0.0010208142079957355,300,2.7771326221636787,150,53,0.5
-0.7133468425957794,0.2041361898599574,-3.4944653522001827,4.750122608831351e-4,300,3.052009974320667,150,54,0.5
-1.050760989457551,0.19956595421614598,-5.265231705401475,1.400126556824014e-7,300,3.5115106081158647,150,55,0.5
-0.6811010491447089,0.19648277263876085,-3.4664670087740084,5.27346447232333e-4,300,3.2441869567824977,150,56,0.5
-1.490314723885282,0.18549110421724707,-8.034426934780798,9.401728524941125e-16,300,3.4271666784505825,150,57,0.5
-0.7590693456586665,0.193557421065247,-3.9216752397356487,8.793546059829773e-5,300,3.3130077455948896,150,58,0.5
-0.9231755053824272,0.2018701944206953,-4.573114461159826,4.8052745742827005e-6,300,3.5139366655266073,150,59,0.5
-0.715592044028638,0.20268684785377383,-3.530530232257072,4.147276163273727e-4,300,3.211925711687968,150,60,0.5
-1.026795022151396,0.2116118803397684,-4.852256028833318,1.2206489844033745e-6,300,2.945208966881397,150,61,0.5
-0.9543289192977695,0.21862174656498062,-4.365205814573967,1.2700312145957696e-5,300,3.581278714013603,150,62,0.5
-1.2204884842019976,0.21158602007642605,-5.768285086893503,8.008225282441591e-9,300,3.1218705332940946,150,63,0.5
-1.2789163264406611,0.18906429286550291,-6.764451960003152,1.3381475043621945e-11,300,3.624326631051991,150,64,0.5
-0.953006614094005,0.1975892353486722,-4.823170717839458,1.4129393702503604e-6,300,4.4362539505710465,150,65,0.5
-1.0060066363298645,0.1985843095377509,-5.065891855562851,4.064926519181564e-7,300,3.187444848053719,150,66,0.5
-0.7160785003075656,0.20025552015916492,-3.5758240259165883,3.4912644839286944e-4,300,2.467891917568295,150,67,0.5
-0.8785199720122948,0.21319885231633914,-4.120659949467123,3.7778868098343165e-5,300,3.3107775233686905,150,68,0.5
-0.948302465044408,0.19846361674810875,-4.778218197282977,1.7685540505332401e-6,300,3.410514969756779,150,69,0.5
-0.9805358495551433,0.19988530968177307,-4.905492310146268,9.319329198733618e-7,300,3.5627338746987256,150,70,0.5
-1.14292110819807,0.20311274542828928,-5.627028012388263,1.833409633709776e-8,300,3.591827325636851,150,71,0.5
-1.0821444512533882,0.1851715825788683,-5.8440093030607505,5.0959180188706815e-9,300,3.722405912284616,150,72,0.5
-0.8895158724515598,0.18434436155494688,-4.825294709035215,1.3979639573897142e-6,300,3.644525014929579,150,73,0.5
-1.0693416876034587,0.19047925191409526,-5.613953629373365,1.9775522993649282e-8,300,3.3623417763409407,150,74,0.5
-1.0016028390112621,0.20689687933800482,-4.84107272287542,1.2914009798975514e-6,300,3.7994253748374227,150,75,0.5
-1.1465278242842332,0.19451625150981774,-5.894252101739504,3.763821728979748e-9,300,3.5653862715085882,150,76,0.5
-1.0725275222423098,0.20623836423765857,-5.200426827505206,1.9883138638367838e-7,300,3.4082473429953737,150,77,0.5
-1.027776229763806,0.20824779087750636,-4.935352377247331,8.000617669686863e-7,300,4.429984075625988,150,78,0.5
-0.9198572319933451,0.20526491967976196,-4.481317282214776,7.418372917766709e-6,300,3.4007186252087163,150,79,0.5
-1.0102244940995861,0.21078291295105664,-4.792724798969631,1.6453124901401786e-6,300,3.0835623643545205,150,80,0.5
-0.9286147368464552,0.18404510948709701,-5.045582245756758,4.5214234458273675e-7,300,3.0249550483148155,150,81,0.5
-1.0738842304297043,0.1949140629197211,-5.509526682392347,3.597998545822671e-8,300,3.837436380312891,150,82,0.5
-0.9522420815780291,0.20888392458915808,-4.558714048727972,5.146779139137176e-6,300,3.6926544834530226,150,83,0.5
-0.7934765739422699,0.20390702652555778,-3.8913645471791294,9.968203267218967e-5,300,2.9414965553261574,150,84,0.5
-1.0576553642812803,0.19734331076166686,-5.359469040015343,8.346689578096052e-8,300,3.1504781157477684,150,85,0.5
-1.0024436838831,0.20088150894561058,-4.990223784880644,6.030938234000053e-7,300,3.299746159848665,150,86,0.5
-1.3100142999128104,0.1993405450518645,-6.571740332966233,4.9730535506449735e-11,300,3.479628200592062,150,87,0.5
-0.7529683153846582,0.22099891178041056,-3.407113226570203,6.565388521955601e-4,300,3.3742146207410233,150,88,0.5
-0.7993467657053648,0.21492289657294283,-3.7192257244405504,1.9983441078382907e-4,300,3.6975539140367832,150,89,0.5
-0.8260227402116413,0.20949905535308677,-3.9428470873984334,8.051999730718362e-5,300,3.1441718516030424,150,90,0.5
-1.260451415647796,0.1947340763512296,-6.4726802789995475,9.627953989963149e-11,300,3.7778261215617146,150,91,0.5
-1.1708048850802568,0.19624868084369249,-5.965924866586878,2.43252204750825e-9,300,3.358049643583602,150,92,0.5
-1.2786990296691483,0.204278296898389,-6.25959315837253,3.8598310506747165e-10,300,3.3383481009123255,150,93,0.5
-0.9434922788650895,0.1946765450826454,-4.846460976922267,1.2568329543460482e-6,300,3.9156081735759773,150,94,0.5
-0.8179862198893022,0.21471482963976943,-3.8096400759167452,1.3916924172437397e-4,300,3.210664411249187,150,95,0.5
-1.0005014836063073,0.21063990131919008,-4.749819371070688,2.035984213843198e-6,300,2.675157392411501,150,96,0.5
-0.8533730188183781,0.21994731063548387,-3.8798974915981734,1.0450049640380621e-4,300,3.5494286607456704,150,97,0.5
-0.638699108781338,0.2039618634624334,-3.1314633919246204,0.0017393746972059782,300,3.604347893935767,150,98,0.5
-0.8499064364421557,0.18541881719486183,-4.583711886960023,4.5679354223901644e-6,300,3.4773439497299723,150,99,0.5
-0.6635306674658836,0.19159274882434307,-3.463234759861527,5.337225116489022e-4,300,2.696063618121773,150,100,0.5
